{
  "name": "joshsamuelson-elk",
  "version": "0.1.0",
  "author": "joshsamuelson",
  "summary": "",
  "license": "Apache-2.0",
  "source": "",
  "dependencies": [

  ],
  "operatingsystem_support": [
    {
      "operatingsystem": "Debian",
      "operatingsystemrelease": [
        "8"
      ]
    },
    {
      "operatingsystem": "Ubuntu",
      "operatingsystemrelease": [
        "16.04"
      ]
    }
  ],
  "requirements": [
    {
      "name": "puppet",
      "version_requirement": ">= 4.7.0 < 6.0.0"
    }
  ],
  "pdk-version": "1.4.1",
  "template-url": "file:///opt/puppetlabs/pdk/share/cache/pdk-templates.git",
  "template-ref": "1.4.1-0-g52adbbb"
}
